{"PMID_42115085_chunk_0": 1778566790.574074, "PMID_42115004_chunk_0": 1778566790.5757387, "ORPHA_100_chunk_0": 1778566790.5770245, "CLINVAR_FBN1_1_chunk_0": 1778566790.578249, "HPO_1_chunk_0": 1778566790.579375, "MONARCH_MONDO:0007947_chunk_0": 1778566790.580426, "PMID_42117340_chunk_0": 1778587537.0360363, "PMID_42116389_chunk_0": 1778587537.037451, "PMID_42131975_chunk_0": 1778771692.0775898, "PMID_42131243_chunk_0": 1778771692.0784476, "PMID_42137995_chunk_0": 1778860768.7378957}